Name,Link
"Eagerton, Robert Pierce",https://web.archive.org/web/20121007172912/http://www.nga.gov/cgi-bin/tsearch?artistid=4010
"Eaker, Alan",https://web.archive.org/web/20121007172912/http://www.nga.gov/cgi-bin/tsearch?artistid=17577
"Eakins, Thomas",https://web.archive.org/web/20121007172912/http://www.nga.gov/cgi-bin/tsearch?artistid=1260
"Earl, Florence",https://web.archive.org/web/20121007172912/http://www.nga.gov/cgi-bin/tsearch?artistid=7472
"Earl, Ralph",https://web.archive.org/web/20121007172912/http://www.nga.gov/cgi-bin/tsearch?artistid=1261
"Earl, Ralph Eleaser Whiteside",https://web.archive.org/web/20121007172912/http://www.nga.gov/cgi-bin/tsearch?artistid=1262
"Earle, Edwin",https://web.archive.org/web/20121007172912/http://www.nga.gov/cgi-bin/tsearch?artistid=33384
"Earlom, Richard",https://web.archive.org/web/20121007172912/http://www.nga.gov/cgi-bin/tsearch?artistid=4011
"Easling, J.C.",https://web.archive.org/web/20121007172912/http://www.nga.gov/cgi-bin/tsearch?artistid=4012
"Eastman, Emily",https://web.archive.org/web/20121007172912/http://www.nga.gov/cgi-bin/tsearch?artistid=5718
"Easton, Linwood",https://web.archive.org/web/20121007172912/http://www.nga.gov/cgi-bin/tsearch?artistid=4013
"Eaton, Charles Warren",https://web.archive.org/web/20121007172912/http://www.nga.gov/cgi-bin/tsearch?artistid=25867
"Eaton, R.",https://web.archive.org/web/20121007172912/http://www.nga.gov/cgi-bin/tsearch?artistid=34531
"Ebdon, Christopher",https://web.archive.org/web/20121007172912/http://www.nga.gov/cgi-bin/tsearch?artistid=22288
"Ebell, Paul Heinrich",https://web.archive.org/web/20121007172912/http://www.nga.gov/cgi-bin/tsearch?artistid=26431
"Eberbach, Walter",https://web.archive.org/web/20121007172912/http://www.nga.gov/cgi-bin/tsearch?artistid=28014
"Eby, Harold Kerr",https://web.archive.org/web/20121007172912/http://www.nga.gov/cgi-bin/tsearch?artistid=2486
"Eby, Kerr",https://web.archive.org/web/20121007172912/http://www.nga.gov/cgi-bin/tsearch?artistid=2486
"Eckart, Johann Georg",https://web.archive.org/web/20121007172912/http://www.nga.gov/cgi-bin/tsearch?artistid=4014
"Eckenbrecher, Karl Paul Themistocles von",https://web.archive.org/web/20121007172912/http://www.nga.gov/cgi-bin/tsearch?artistid=2487
"Eckenbrecher, Themistocles von",https://web.archive.org/web/20121007172912/http://www.nga.gov/cgi-bin/tsearch?artistid=2487
"Eckersberg, Christoffer Wilhelm",https://web.archive.org/web/20121007172912/http://www.nga.gov/cgi-bin/tsearch?artistid=13623
"Eckford, Jessie Jo",https://web.archive.org/web/20121007172912/http://www.nga.gov/cgi-bin/tsearch?artistid=33385
"Eckman, Edouard",https://web.archive.org/web/20121007172912/http://www.nga.gov/cgi-bin/tsearch?artistid=5643
"Ecman, Edouard",https://web.archive.org/web/20121007172912/http://www.nga.gov/cgi-bin/tsearch?artistid=5643
"Eddins, Homer",https://web.archive.org/web/20121007172912/http://www.nga.gov/cgi-bin/tsearch?artistid=33386
"Eddleman, Brian",https://web.archive.org/web/20121007172912/http://www.nga.gov/cgi-bin/tsearch?artistid=17579
"Edelfelt, Albert",https://web.archive.org/web/20121007172912/http://www.nga.gov/cgi-bin/tsearch?artistid=4015
"Edelfelt, Albert Gustaf Aristides",https://web.archive.org/web/20121007172912/http://www.nga.gov/cgi-bin/tsearch?artistid=4015
"Edelinck, Gerard",https://web.archive.org/web/20121010194648/http://www.nga.gov/cgi-bin/tsearch?artistid=4016
"Edgerton, Harold",https://web.archive.org/web/20121010194648/http://www.nga.gov/cgi-bin/tsearch?artistid=16506
Edition Staeck,https://web.archive.org/web/20121010194648/http://www.nga.gov/cgi-bin/tsearch?artistid=23620
"Edmiston, T. M.",https://web.archive.org/web/20121010194648/http://www.nga.gov/cgi-bin/tsearch?artistid=31241
"Edmonds, Francis William",https://web.archive.org/web/20121010194648/http://www.nga.gov/cgi-bin/tsearch?artistid=1263
"Edmondson, Leonard",https://web.archive.org/web/20121010194648/http://www.nga.gov/cgi-bin/tsearch?artistid=4017
"Edridge, Henry",https://web.archive.org/web/20121010194648/http://www.nga.gov/cgi-bin/tsearch?artistid=2488
"Edschmid, Kasimir",https://web.archive.org/web/20121010194648/http://www.nga.gov/cgi-bin/tsearch?artistid=7106
"Edwards, Cecily",https://web.archive.org/web/20121010194648/http://www.nga.gov/cgi-bin/tsearch?artistid=7473
"Edwards, Cicely",https://web.archive.org/web/20121010194648/http://www.nga.gov/cgi-bin/tsearch?artistid=7473
"Edwards, Edwin",https://web.archive.org/web/20121010194648/http://www.nga.gov/cgi-bin/tsearch?artistid=4019
"Edwards, George",https://web.archive.org/web/20121010194648/http://www.nga.gov/cgi-bin/tsearch?artistid=4020
"Edwards, George Henry",https://web.archive.org/web/20121010194648/http://www.nga.gov/cgi-bin/tsearch?artistid=29853
"Edwards, Mel",https://web.archive.org/web/20121010194648/http://www.nga.gov/cgi-bin/tsearch?artistid=27212
"Edwards, Melvin",https://web.archive.org/web/20121010194648/http://www.nga.gov/cgi-bin/tsearch?artistid=27212
"Edwards, Samuel Arlent",https://web.archive.org/web/20121010194648/http://www.nga.gov/cgi-bin/tsearch?artistid=5575
"Edwards, William Camden",https://web.archive.org/web/20121010194648/http://www.nga.gov/cgi-bin/tsearch?artistid=6109
"Edwards, William H.",https://web.archive.org/web/20121010194648/http://www.nga.gov/cgi-bin/tsearch?artistid=7474
"Edzard, Dietz",https://web.archive.org/web/20121010194648/http://www.nga.gov/cgi-bin/tsearch?artistid=1264
"Eeckhout, Gerbrand van den",https://web.archive.org/web/20121010194648/http://www.nga.gov/cgi-bin/tsearch?artistid=5995
"Eertvelt, Andries van",https://web.archive.org/web/20121010194648/http://www.nga.gov/cgi-bin/tsearch?artistid=25148
"Eggers, George William",https://web.archive.org/web/20121010194648/http://www.nga.gov/cgi-bin/tsearch?artistid=33387
"Eggers, Otto R.",https://web.archive.org/web/20121010194648/http://www.nga.gov/cgi-bin/tsearch?artistid=6137
"Eggers and Higgins, Architects",https://web.archive.org/web/20121010194648/http://www.nga.gov/cgi-bin/tsearch?artistid=6139
"Eggleston, William",https://web.archive.org/web/20121010194648/http://www.nga.gov/cgi-bin/tsearch?artistid=16507
"Egidio Signorelli, Luca di",https://web.archive.org/web/20121010194648/http://www.nga.gov/cgi-bin/tsearch?artistid=1874
"Eglau, Otto",https://web.archive.org/web/20121010194648/http://www.nga.gov/cgi-bin/tsearch?artistid=4021
"Egleson, James Downey",https://web.archive.org/web/20121010194648/http://www.nga.gov/cgi-bin/tsearch?artistid=33388
"Egmont, Justus van",https://web.archive.org/web/20121010194648/http://www.nga.gov/cgi-bin/tsearch?artistid=3289
"Egnal, Stuart",https://web.archive.org/web/20121010194737/http://www.nga.gov/cgi-bin/tsearch?artistid=4022
Egyptian 2nd Century,https://web.archive.org/web/20121010194737/http://www.nga.gov/cgi-bin/tsearch?artistid=5555
Egyptian Ptolemaic Period,https://web.archive.org/web/20121010194737/http://www.nga.gov/cgi-bin/tsearch?artistid=2093
"Ehinger, Gabriel",https://web.archive.org/web/20121010194737/http://www.nga.gov/cgi-bin/tsearch?artistid=23704
"Ehninger, John Whetten",https://web.archive.org/web/20121010194737/http://www.nga.gov/cgi-bin/tsearch?artistid=5734
"Ehrenberg, Peter Schubert von",https://web.archive.org/web/20121010194737/http://www.nga.gov/cgi-bin/tsearch?artistid=37177
"Ehret, Georg",https://web.archive.org/web/20121010194737/http://www.nga.gov/cgi-bin/tsearch?artistid=6871
"Ehret, Georg Dionysius",https://web.archive.org/web/20121010194737/http://www.nga.gov/cgi-bin/tsearch?artistid=6871
"Ehrlich, Georg",https://web.archive.org/web/20121010194737/http://www.nga.gov/cgi-bin/tsearch?artistid=31505
"Ehrmann, Catherine Estelle",https://web.archive.org/web/20121010194737/http://www.nga.gov/cgi-bin/tsearch?artistid=33389
"Ehrmann, Francois Emile",https://web.archive.org/web/20121010194737/http://www.nga.gov/cgi-bin/tsearch?artistid=6791
"Eichel, Emanuel",https://web.archive.org/web/20121010194737/http://www.nga.gov/cgi-bin/tsearch?artistid=22049
"Eichelberger, Robert A.",https://web.archive.org/web/20121010194737/http://www.nga.gov/cgi-bin/tsearch?artistid=34166
"Eichenberg, Fritz",https://web.archive.org/web/20121010194737/http://www.nga.gov/cgi-bin/tsearch?artistid=4023
"Eichenfeld, Daniel",https://web.archive.org/web/20121010194737/http://www.nga.gov/cgi-bin/tsearch?artistid=33390
"Eichholtz, Jacob",https://web.archive.org/web/20121010194737/http://www.nga.gov/cgi-bin/tsearch?artistid=1265
"Eichler, Gottfried the Younger",https://web.archive.org/web/20121010194737/http://www.nga.gov/cgi-bin/tsearch?artistid=22036
"Eickemeyer, Rudolf",https://web.archive.org/web/20121010194737/http://www.nga.gov/cgi-bin/tsearch?artistid=23295
"Eilshemius, Louis Michel",https://web.archive.org/web/20121010194737/http://www.nga.gov/cgi-bin/tsearch?artistid=2489
"Eiseman, Frank",https://web.archive.org/web/20121010194737/http://www.nga.gov/cgi-bin/tsearch?artistid=7475
"Eisemann, Georg",https://web.archive.org/web/20121010194737/http://www.nga.gov/cgi-bin/tsearch?artistid=4025
"Eisen, Charles",https://web.archive.org/web/20121010194737/http://www.nga.gov/cgi-bin/tsearch?artistid=2490
"Eisen, Charles-Dominique-Joseph",https://web.archive.org/web/20121010194737/http://www.nga.gov/cgi-bin/tsearch?artistid=2490
"Eisenhauer, Lette",https://web.archive.org/web/20121010194737/http://www.nga.gov/cgi-bin/tsearch?artistid=4026
"Eisenlohr, Edward G.",https://web.archive.org/web/20121010194737/http://www.nga.gov/cgi-bin/tsearch?artistid=33391
"Eisenmann, Georg",https://web.archive.org/web/20121010194737/http://www.nga.gov/cgi-bin/tsearch?artistid=4025
"Eisman, Harry",https://web.archive.org/web/20121010194737/http://www.nga.gov/cgi-bin/tsearch?artistid=7476
"Eisner, Anne",https://web.archive.org/web/20121010194737/http://www.nga.gov/cgi-bin/tsearch?artistid=34921
El Greco,https://web.archive.org/web/20121010194737/http://www.nga.gov/cgi-bin/tsearch?artistid=1356
"El Hanani, Jacob",https://web.archive.org/web/20121010194742/http://www.nga.gov/cgi-bin/tsearch?artistid=6340
"Elandt, Hendrick",https://web.archive.org/web/20121010194742/http://www.nga.gov/cgi-bin/tsearch?artistid=6009
"Eldred, Lemuel D.",https://web.archive.org/web/20121010194742/http://www.nga.gov/cgi-bin/tsearch?artistid=33392
"Eldred, Thomas Brownell",https://web.archive.org/web/20121010194742/http://www.nga.gov/cgi-bin/tsearch?artistid=34230
"Elenbaas, Valdemar Hansen",https://web.archive.org/web/20121010194742/http://www.nga.gov/cgi-bin/tsearch?artistid=4027
"El-Hanani, Jacob",https://web.archive.org/web/20121010194742/http://www.nga.gov/cgi-bin/tsearch?artistid=6340
"Elia da Genova, Battista d'",https://web.archive.org/web/20121010194742/http://www.nga.gov/cgi-bin/tsearch?artistid=2016
"Elias, Julius",https://web.archive.org/web/20121010194742/http://www.nga.gov/cgi-bin/tsearch?artistid=6999
"Eliasson, Olafur",https://web.archive.org/web/20121010194742/http://www.nga.gov/cgi-bin/tsearch?artistid=34783
"Eliod, Thomas J.",https://web.archive.org/web/20121010194742/http://www.nga.gov/cgi-bin/tsearch?artistid=7477
"Eliot, Thomas J.",https://web.archive.org/web/20121010194742/http://www.nga.gov/cgi-bin/tsearch?artistid=7477
"Elisofon, Eliot",https://web.archive.org/web/20121010194742/http://www.nga.gov/cgi-bin/tsearch?artistid=24634
"Elle I, Ferdinand",https://web.archive.org/web/20121010194742/http://www.nga.gov/cgi-bin/tsearch?artistid=4028
"Elle I, Louis",https://web.archive.org/web/20121010194742/http://www.nga.gov/cgi-bin/tsearch?artistid=4028
"Ellinger, David",https://web.archive.org/web/20121010194742/http://www.nga.gov/cgi-bin/tsearch?artistid=7478
"Ellinwood, John G.",https://web.archive.org/web/20121010194742/http://www.nga.gov/cgi-bin/tsearch?artistid=34332
"Elliot, Martha",https://web.archive.org/web/20121010194742/http://www.nga.gov/cgi-bin/tsearch?artistid=7479
"Elliott, Charles Loring",https://web.archive.org/web/20121010194742/http://www.nga.gov/cgi-bin/tsearch?artistid=1266
"Elliott, Van",https://web.archive.org/web/20121010194742/http://www.nga.gov/cgi-bin/tsearch?artistid=4029
"Ellis, Richard Howard",https://web.archive.org/web/20121010194742/http://www.nga.gov/cgi-bin/tsearch?artistid=18313
"Ellis, Salathiel",https://web.archive.org/web/20121010194742/http://www.nga.gov/cgi-bin/tsearch?artistid=27898
"Ellis, Sharon",https://web.archive.org/web/20121010194742/http://www.nga.gov/cgi-bin/tsearch?artistid=4031
"Ellis, Stephen",https://web.archive.org/web/20121010194742/http://www.nga.gov/cgi-bin/tsearch?artistid=33393
"Elmer, Rachael Robinson",https://web.archive.org/web/20121010194742/http://www.nga.gov/cgi-bin/tsearch?artistid=33394
"Elrod, Thomas J.",https://web.archive.org/web/20121010194742/http://www.nga.gov/cgi-bin/tsearch?artistid=7477
"Elsasser, Julius Albert",https://web.archive.org/web/20121010194742/http://www.nga.gov/cgi-bin/tsearch?artistid=24275
"Elsheimer, Adam",https://web.archive.org/web/20121010194742/http://www.nga.gov/cgi-bin/tsearch?artistid=4032
"Elstrack, Renold",https://web.archive.org/web/20121010194742/http://www.nga.gov/cgi-bin/tsearch?artistid=6143
"Elven, Pierre Henri Theodore Tetar van",https://web.archive.org/web/20121010194742/http://www.nga.gov/cgi-bin/tsearch?artistid=3868
"Elvis, Roberta",https://web.archive.org/web/20121010194747/http://www.nga.gov/cgi-bin/tsearch?artistid=7480
"Elwell, Chip",https://web.archive.org/web/20121010194747/http://www.nga.gov/cgi-bin/tsearch?artistid=29522
"Emanuel, Hedwig",https://web.archive.org/web/20121010194747/http://www.nga.gov/cgi-bin/tsearch?artistid=7481
"Emanuel, Herzl",https://web.archive.org/web/20121010194747/http://www.nga.gov/cgi-bin/tsearch?artistid=33395
"Emaus de Micault, Gerhardus",https://web.archive.org/web/20121010194747/http://www.nga.gov/cgi-bin/tsearch?artistid=4033
"Emerson, Peter Henry",https://web.archive.org/web/20121010194747/http://www.nga.gov/cgi-bin/tsearch?artistid=6750
Emilian 16th Century,https://web.archive.org/web/20121010194747/http://www.nga.gov/cgi-bin/tsearch?artistid=8314
"Emmet, Lydia Field",https://web.archive.org/web/20121010194747/http://www.nga.gov/cgi-bin/tsearch?artistid=1267
"Empoli, Jacopo da",https://web.archive.org/web/20121010194747/http://www.nga.gov/cgi-bin/tsearch?artistid=5667
"Enden, Martin van den I",https://web.archive.org/web/20121010194747/http://www.nga.gov/cgi-bin/tsearch?artistid=33081
"Enderle, Johann Baptist",https://web.archive.org/web/20121010194747/http://www.nga.gov/cgi-bin/tsearch?artistid=31154
"Endner, Gustave Georg",https://web.archive.org/web/20121010194747/http://www.nga.gov/cgi-bin/tsearch?artistid=19642
"Endo, Chuck",https://web.archive.org/web/20121010194747/http://www.nga.gov/cgi-bin/tsearch?artistid=20127
"Engard, Robert Oliver",https://web.archive.org/web/20121010194747/http://www.nga.gov/cgi-bin/tsearch?artistid=33396
"Engel, Edward F.",https://web.archive.org/web/20121010194747/http://www.nga.gov/cgi-bin/tsearch?artistid=7482
"Engel, Harry",https://web.archive.org/web/20121010194747/http://www.nga.gov/cgi-bin/tsearch?artistid=33397
"Engel, Jules",https://web.archive.org/web/20121010194747/http://www.nga.gov/cgi-bin/tsearch?artistid=4034
"Engelbrecht, Christian",https://web.archive.org/web/20121010194747/http://www.nga.gov/cgi-bin/tsearch?artistid=14763
"Engelbrecht, Martin",https://web.archive.org/web/20121010194747/http://www.nga.gov/cgi-bin/tsearch?artistid=12089
"Engelke, Gerda",https://web.archive.org/web/20121010194747/http://www.nga.gov/cgi-bin/tsearch?artistid=4035
"Engelmann, Gottfried",https://web.archive.org/web/20121010194747/http://www.nga.gov/cgi-bin/tsearch?artistid=4036
"Engelmann I, Godefroy",https://web.archive.org/web/20121010194747/http://www.nga.gov/cgi-bin/tsearch?artistid=4036
"English, Josiah",https://web.archive.org/web/20121010194747/http://www.nga.gov/cgi-bin/tsearch?artistid=6210
English 12th Century,https://web.archive.org/web/20121010194747/http://www.nga.gov/cgi-bin/tsearch?artistid=4684
English 13th Century,https://web.archive.org/web/20121010194747/http://www.nga.gov/cgi-bin/tsearch?artistid=5482
English 14th Century,https://web.archive.org/web/20121010194747/http://www.nga.gov/cgi-bin/tsearch?artistid=2094
English 15th Century,https://web.archive.org/web/20121010194747/http://www.nga.gov/cgi-bin/tsearch?artistid=2095
"Engstrom, Albert",https://web.archive.org/web/20121010194747/http://www.nga.gov/cgi-bin/tsearch?artistid=4037
"Enjoian, Charles",https://web.archive.org/web/20121010194747/http://www.nga.gov/cgi-bin/tsearch?artistid=7483
"Enokido, Shoe",https://web.archive.org/web/20121010194715/http://www.nga.gov/cgi-bin/tsearch?artistid=4038
"Ensor, James",https://web.archive.org/web/20121010194715/http://www.nga.gov/cgi-bin/tsearch?artistid=4039
"Ensor, James baron",https://web.archive.org/web/20121010194715/http://www.nga.gov/cgi-bin/tsearch?artistid=4039
"Ensrud, Wayne",https://web.archive.org/web/20121010194715/http://www.nga.gov/cgi-bin/tsearch?artistid=33398
"Enzenberger, Johan Baptist",https://web.archive.org/web/20121010194715/http://www.nga.gov/cgi-bin/tsearch?artistid=31156
"Enzola, Gianfrancesco",https://web.archive.org/web/20121010194715/http://www.nga.gov/cgi-bin/tsearch?artistid=2096
"Episcopius, Johannes",https://web.archive.org/web/20121010194715/http://www.nga.gov/cgi-bin/tsearch?artistid=2381
"Eppler, Ira",https://web.archive.org/web/20121010194715/http://www.nga.gov/cgi-bin/tsearch?artistid=34655
"Epps, Laura Theresa",https://web.archive.org/web/20121010194715/http://www.nga.gov/cgi-bin/tsearch?artistid=5862
"Epstein, Jacob, Sir",https://web.archive.org/web/20121010194715/http://www.nga.gov/cgi-bin/tsearch?artistid=2098
"Epstein, Yale",https://web.archive.org/web/20121010194715/http://www.nga.gov/cgi-bin/tsearch?artistid=33399
"Erasmus, Desiderius",https://web.archive.org/web/20121010194715/http://www.nga.gov/cgi-bin/tsearch?artistid=7000
"Erazim, Milan",https://web.archive.org/web/20121010194715/http://www.nga.gov/cgi-bin/tsearch?artistid=24854
Ercole da Ferrara,https://web.archive.org/web/20121010194715/http://www.nga.gov/cgi-bin/tsearch?artistid=1833
"Erganian, Sarkis",https://web.archive.org/web/20121010194715/http://www.nga.gov/cgi-bin/tsearch?artistid=7484
"Erhard, Johann Christoph",https://web.archive.org/web/20121010194715/http://www.nga.gov/cgi-bin/tsearch?artistid=21131
"Erhardt, Hans",https://web.archive.org/web/20121010194715/http://www.nga.gov/cgi-bin/tsearch?artistid=25829
"Erickson, Charlotte",https://web.archive.org/web/20121010194715/http://www.nga.gov/cgi-bin/tsearch?artistid=2491
"Erickson, Chris",https://web.archive.org/web/20121010194715/http://www.nga.gov/cgi-bin/tsearch?artistid=20086
"Ermels, Johann Franciscus",https://web.archive.org/web/20121010194715/http://www.nga.gov/cgi-bin/tsearch?artistid=36982
"Ermolaev, Boris Nicolaevich",https://web.archive.org/web/20121010194715/http://www.nga.gov/cgi-bin/tsearch?artistid=4040
"Erni, Hans",https://web.archive.org/web/20121010194715/http://www.nga.gov/cgi-bin/tsearch?artistid=4041
"Ernst, Max",https://web.archive.org/web/20121010194715/http://www.nga.gov/cgi-bin/tsearch?artistid=2097
"Ernst, Max, Mrs.",https://web.archive.org/web/20121010194715/http://www.nga.gov/cgi-bin/tsearch?artistid=23752
"Errard, Jean",https://web.archive.org/web/20121010194715/http://www.nga.gov/cgi-bin/tsearch?artistid=11415
"Erri, Agnolo degli",https://web.archive.org/web/20121010194715/http://www.nga.gov/cgi-bin/tsearch?artistid=1268
Erro (pseud.),https://web.archive.org/web/20121010194715/http://www.nga.gov/cgi-bin/tsearch?artistid=4266
"Ertinger, Franz",https://web.archive.org/web/20121010194715/http://www.nga.gov/cgi-bin/tsearch?artistid=20137
"Erwitt, Elliott",https://web.archive.org/web/20121010194715/http://www.nga.gov/cgi-bin/tsearch?artistid=13484
"Escher, George",https://web.archive.org/web/20121010194754/http://www.nga.gov/cgi-bin/tsearch?artistid=7104
"Escher, J.G.",https://web.archive.org/web/20121010194754/http://www.nga.gov/cgi-bin/tsearch?artistid=7104
"Escher, Károly",https://web.archive.org/web/20121010194754/http://www.nga.gov/cgi-bin/tsearch?artistid=26573
"Escher, Maurits Cornelis",https://web.archive.org/web/20121010194754/http://www.nga.gov/cgi-bin/tsearch?artistid=2492
"Escher, M.C.",https://web.archive.org/web/20121010194754/http://www.nga.gov/cgi-bin/tsearch?artistid=2492
"Escobar, Marisol",https://web.archive.org/web/20121010194754/http://www.nga.gov/cgi-bin/tsearch?artistid=4821
"Esherick, Wharton",https://web.archive.org/web/20121010194754/http://www.nga.gov/cgi-bin/tsearch?artistid=33400
"Eskrich, Pierre",https://web.archive.org/web/20121010194754/http://www.nga.gov/cgi-bin/tsearch?artistid=6445
"Espagnat, Georges d'",https://web.archive.org/web/20121010194754/http://www.nga.gov/cgi-bin/tsearch?artistid=21931
"Espensheid, Steve",https://web.archive.org/web/20121010194754/http://www.nga.gov/cgi-bin/tsearch?artistid=17625
"Espenshied, Steve",https://web.archive.org/web/20121010194754/http://www.nga.gov/cgi-bin/tsearch?artistid=17651
"Esselens, Jacob",https://web.archive.org/web/20121010194754/http://www.nga.gov/cgi-bin/tsearch?artistid=5996
"Este, Baldassare d'",https://web.archive.org/web/20121010194754/http://www.nga.gov/cgi-bin/tsearch?artistid=2099
"Estes, Richard",https://web.archive.org/web/20121010194754/http://www.nga.gov/cgi-bin/tsearch?artistid=4042
"Estève, Maurice",https://web.archive.org/web/20121010194754/http://www.nga.gov/cgi-bin/tsearch?artistid=36414
"Estienne, Henri",https://web.archive.org/web/20121010194754/http://www.nga.gov/cgi-bin/tsearch?artistid=7097
Ethiopian 18th/20th Century,https://web.archive.org/web/20121010194754/http://www.nga.gov/cgi-bin/tsearch?artistid=2100
Etienne,https://web.archive.org/web/20121010194754/http://www.nga.gov/cgi-bin/tsearch?artistid=4043
Etruscan 4th/2nd Century B.C.,https://web.archive.org/web/20121010194754/http://www.nga.gov/cgi-bin/tsearch?artistid=27756
"Etting, Emien",https://web.archive.org/web/20121010194754/http://www.nga.gov/cgi-bin/tsearch?artistid=34922
"Ettinger, Churchill",https://web.archive.org/web/20121010194754/http://www.nga.gov/cgi-bin/tsearch?artistid=33401
"Etty, William",https://web.archive.org/web/20121010194754/http://www.nga.gov/cgi-bin/tsearch?artistid=5877
"Etzlaub, Erhard",https://web.archive.org/web/20121010194754/http://www.nga.gov/cgi-bin/tsearch?artistid=4044
"Eubank, Ann Belle N.",https://web.archive.org/web/20121010194754/http://www.nga.gov/cgi-bin/tsearch?artistid=7485
"Euffa, Ray",https://web.archive.org/web/20121010194754/http://www.nga.gov/cgi-bin/tsearch?artistid=33402
"Eugene, Frank",https://web.archive.org/web/20121010194754/http://www.nga.gov/cgi-bin/tsearch?artistid=27232
European 17th Century,https://web.archive.org/web/20121010194754/http://www.nga.gov/cgi-bin/tsearch?artistid=10782
European 18th Century,https://web.archive.org/web/20121010194754/http://www.nga.gov/cgi-bin/tsearch?artistid=6890
European 19th Century,https://web.archive.org/web/20121010194754/http://www.nga.gov/cgi-bin/tsearch?artistid=10609
